1,¥¤¶p,¤½,¥Õ©³¾ï¿ß,4,http://mypet-club.com/phpBB3/viewtopic.php?f=86&t=31459,cats\¥¤¶p.jpg
2,¤Ñ©M,¥À,ªê´³¿ß,4,http://mypet-club.com/phpBB3/viewtopic.php?f=86&t=31377,cats\¤Ñ©M.jpg
3,®L©g,¥À,¨Å¤û¿ß,11,http://mypet-club.com/phpBB3/viewtopic.php?f=86&t=17841,cats\®L©g.jpg
4,ÀôÀô,¥À,¨Å¤û¿ß,3,http://mypet-club.com/phpBB3/viewtopic.php?f=86&t=38854,cats\ÀôÀô.jpg
5,ÀûÀû,¥À,¤Tªá¿ß,5,http://mypet-club.com/phpBB3/viewtopic.php?f=86&t=34873,cats\ÀûÀû.jpg
6,­»¿¼ªo,¥À,ªê´³¿ß,3,http://mypet-club.com/phpBB3/viewtopic.php?f=86&t=42982,cats\­»¿¼ªo.jpg
7,µØ¦¿,¤½,¶Â¿ß,4,http://mypet-club.com/phpBB3/viewtopic.php?f=86&t=34927,cats\µØ¦¿.jpg
8,¤p²M·s,¥À,ªê´³¿ß,3,http://mypet-club.com/phpBB3/viewtopic.php?f=86&t=34386,cats\¤p²M·s.jpg
9,¦ã¯ó,¤½,ªê´³¿ß,4,http://mypet-club.com/phpBB3/viewtopic.php?f=86&t=45934,cats\¦ã¯ó.jpg
10,­}­},¤½,ªê´³¿ß,4,http://mypet-club.com/phpBB3/viewtopic.php?f=86&t=30820,cats\­}­}.jpg
11,¤j¨Î,¥À,¤Tªá¿ß,4,http://mypet-club.com/phpBB3/viewtopic.php?f=86&t=30821,cats\¤j¨Î.jpg
12,Lulu,¥À,¤Tªá¿ß,3,http://mypet-club.com/phpBB3/viewtopic.php?f=86&t=39718,cats\¤j¨Î.jpg
13,«ê¶Â,¤½,¶Â¿ß,6,http://mypet-club.com/phpBB3/viewtopic.php?f=86&t=34779,cats\«ê¶Â.jpg
14,ºÖ¦N,¥À,ªê´³¿ß,8,http://mypet-club.com/phpBB3/viewtopic.php?f=86&t=34778,cats\ºÖ¦N.jpg
15,Peter,¤½,¨Å¤û¿ß,2,http://mypet-club.com/phpBB3/viewtopic.php?f=86&t=47213,cats\Peter.jpg
16,Dodo,¤½,¥Õ©³¾ï¿ß,3,http://mypet-club.com/phpBB3/viewtopic.php?f=86&t=39718,cats\Dodo.jpg
17,³Í¯S,¥À,ª÷¦N©Ô,8,http://mypet-club.com/phpBB3/viewtopic.php?f=86&t=38848,cats\³Í¯S.jpg
18,®ü­a,¥À,ªê´³¿ß,3,http://mypet-club.com/phpBB3/viewtopic.php?f=86&t=37463,cats\®ü­a.jpg
19,¬õÄT,¥À,ªê´³¿ß,3,http://mypet-club.com/phpBB3/viewtopic.php?f=86&t=37463,cats\¬õÄT.jpg
20,¦Ì­»,¥À,ªê´³¿ß,3,http://mypet-club.com/phpBB3/viewtopic.php?f=86&t=37463,cats\¦Ì­».jpg
21,Á¥Á¥,¥À,¤Tªá¿ß,2,http://mypet-club.com/phpBB3/viewtopic.php?f=86&t=40011,cats\Á¥Á¥.jpg
22,ª÷¤ô,¤½,¥Õ©³¾ï¿ß,1,http://mypet-club.com/phpBB3/viewtopic.php?f=86&t=47270,cats\ª÷¤ô.jpg
