1,¥¤¶p,¤½,¥Õ©³¾ï¿ß,4,N,N,Y,Y,N,Y,N,http://mypet-club.com/phpBB3/viewtopic.php?f=86&t=31459,src\cats\¥¤¶p.jpg
2,¤Ñ©M,¥À,ªê´³¿ß,4,N,N,N,Y,N,N,Y,http://mypet-club.com/phpBB3/viewtopic.php?f=86&t=31377,src\cats\¤Ñ©M.jpg
3,®L©g,¥À,¨Å¤û¿ß,11,N,Y,N,N,N,N,Y,http://mypet-club.com/phpBB3/viewtopic.php?f=86&t=17841,src\cats\®L©g.jpg
4,ÀôÀô,¥À,¨Å¤û¿ß,3,N,N,Y,N,N,N,Y,http://mypet-club.com/phpBB3/viewtopic.php?f=86&t=38854,src\cats\ÀôÀô.jpg
5,ÀûÀû,¥À,¤Tªá¿ß,5,N,N,Y,Y,N,N,Y,http://mypet-club.com/phpBB3/viewtopic.php?f=86&t=34873,src\cats\ÀûÀû.jpg
6,­»¿¼ªo,¥À,ªê´³¿ß,3,N,N,N,N,Y,N,Y,http://mypet-club.com/phpBB3/viewtopic.php?f=86&t=42982,src\cats\­»¿¼ªo.jpg
7,µØ¦¿,¤½,¶Â¿ß,4,N,N,N,Y,N,N,Y,http://mypet-club.com/phpBB3/viewtopic.php?f=86&t=34927,src\cats\µØ¦¿.jpg
8,¤p²M·s,¥À,ªê´³¿ß,3,N,N,Y,Y,N,N,Y,http://mypet-club.com/phpBB3/viewtopic.php?f=86&t=34386,src\cats\¤p²M·s.jpg
9,¦ã¯ó,¤½,ªê´³¿ß,4,N,N,N,Y,Y,N,Y,http://mypet-club.com/phpBB3/viewtopic.php?f=86&t=45934,src\cats\¦ã¯ó.jpg
10,­}­},¤½,ªê´³¿ß,4,N,N,N,Y,Y,N,Y,http://mypet-club.com/phpBB3/viewtopic.php?f=86&t=30820,src\cats\­}­}.jpg
11,¤j¨Î,¥À,¤Tªá¿ß,4,N,N,Y,Y,N,N,Y,http://mypet-club.com/phpBB3/viewtopic.php?f=86&t=30821,src\cats\¤j¨Î.jpg
12,Lulu,¥À,¤Tªá¿ß,3,N,N,Y,Y,Y,N,Y,http://mypet-club.com/phpBB3/viewtopic.php?f=86&t=39718,src\cats\¤j¨Î.jpg
13,«ê¶Â,¤½,¶Â¿ß,6,N,N,Y,Y,Y,N,Y,http://mypet-club.com/phpBB3/viewtopic.php?f=86&t=34779,src\cats\«ê¶Â.jpg
14,ºÖ¦N,¥À,ªê´³¿ß,8,N,Y,N,Y,N,N,Y,http://mypet-club.com/phpBB3/viewtopic.php?f=86&t=34778,src\cats\ºÖ¦N.jpg
15,Peter,¤½,¨Å¤û¿ß,2,N,N,Y,Y,N,N,Y,http://mypet-club.com/phpBB3/viewtopic.php?f=86&t=47213,src\cats\Peter.jpg
16,Dodo,¤½,¥Õ©³¾ï¿ß,3,N,N,Y,Y,N,N,Y,http://mypet-club.com/phpBB3/viewtopic.php?f=86&t=39718,src\cats\Dodo.jpg
17,³Í¯S,¥À,ª÷¦N©Ô,8,N,Y,Y,N,N,Y,N,http://mypet-club.com/phpBB3/viewtopic.php?f=86&t=38848,src\cats\³Í¯S.jpg
18,®ü­a,¥À,ªê´³¿ß,3,N,N,N,Y,N,N,Y,http://mypet-club.com/phpBB3/viewtopic.php?f=86&t=37463,src\cats\®ü­a.jpg
19,¬õÄT,¥À,ªê´³¿ß,3,N,N,N,Y,N,N,Y,http://mypet-club.com/phpBB3/viewtopic.php?f=86&t=37463,src\cats\¬õÄT.jpg
20,¦Ì­»,¥À,ªê´³¿ß,3,N,N,N,Y,N,N,Y,http://mypet-club.com/phpBB3/viewtopic.php?f=86&t=37463,src\cats\¦Ì­».jpg
21,Á¥Á¥,¥À,¤Tªá¿ß,2,N,N,Y,Y,Y,N,Y,http://mypet-club.com/phpBB3/viewtopic.php?f=86&t=40011,src\cats\Á¥Á¥.jpg
22,ª÷¤ô,¤½,¥Õ©³¾ï¿ß,1,Y,N,Y,Y,N,N,Y,http://mypet-club.com/phpBB3/viewtopic.php?f=86&t=47270,src\cats\ª÷¤ô.jpg
